Customer_ID,Last_Name,Credit Score,Country,Gender,Age,Tenure,Balance,NumOfProducts,HasCrCard?,IsActiveMember,Estimated Salary,ExitedFromBank?
15647311,Hill,608,Spain,Female,41,1,83807.86,1,False,True,112542.58,False
15701354,Boni,699,France,Female,39,1,0.0,2,False,False,93826.63,False
15737888,Mitchell,850,Spain,Female,43,2,125510.82,1,True,True,79084.1,False
15592531,Bartlett,822,France,Male,50,7,0.0,2,True,True,10062.8,False
15792365,He,501,France,Male,44,4,142051.07,2,False,True,74940.5,False
15592389,H?,684,France,Male,27,2,134603.88,1,True,True,71725.73,False
15767821,Bearce,528,France,Male,31,6,102016.72,2,False,False,80181.12,False
15632264,Kay,476,France,Female,34,10,0.0,2,True,False,26260.98,False
15691483,Chin,549,France,Female,25,5,0.0,2,False,False,190857.79,False
15600882,Scott,635,Spain,Female,35,7,0.0,2,True,True,65951.65,False
15643966,Goforth,616,Germany,Male,45,3,143129.41,2,False,True,64327.26,False
15788218,Henderson,549,Spain,Female,24,9,0.0,2,True,True,14406.41,False
15661507,Muldrow,587,Spain,Male,45,6,0.0,1,False,False,158684.81,False
15568982,Hao,726,France,Female,24,6,0.0,2,True,True,54724.03,False
15577657,McDonald,732,France,Male,41,8,0.0,2,True,True,170886.17,False
15597945,Dellucci,636,Spain,Female,32,8,0.0,2,True,False,98596.99699392713,False
15725737,Mosman,669,France,Male,46,3,0.0,2,False,True,8487.75,False
15625047,Yen,846,France,Female,38,5,0.0,1,True,True,187616.16,False
15738191,Maclean,577,France,Male,25,3,0.0,2,False,True,124508.29,False
15736816,Young,756,Germany,Male,36,2,136815.64,1,True,True,170041.95,False
15700772,Nebechi,571,France,Male,44,9,0.0,2,False,False,38433.35,False
15728693,McWilliams,574,Germany,Female,43,3,141349.43,1,True,True,100187.43,False
15656300,Lucciano,411,France,Male,29,0,59697.17,2,True,True,53483.21,False
15706552,Odinakachukwu,533,France,Male,36,7,85311.7,1,False,True,156731.91,False
15750181,Sanderson,553,Germany,Male,41,9,110112.54,2,False,False,81898.81,False
15659428,Maggard,520,Spain,Female,42,6,0.0,2,True,True,34410.55,False
15732963,Clements,722,Spain,Female,29,9,0.0,2,True,True,142033.07,False
15788448,Watson,490,Spain,Male,31,3,145260.23,1,False,True,114066.77,False
15729599,Lorenzo,804,Spain,Male,33,7,76548.6,1,False,True,98453.45,False
15717426,Armstrong,850,France,Male,36,7,0.0,1,True,True,40812.9,False
15585768,Cameron,582,Germany,Male,41,6,70349.48,2,False,True,178074.04,False
15619360,Hsiao,472,Spain,Male,40,4,0.0,1,True,False,70154.22,False
15687946,Osborne,556,France,Female,61,2,117419.35,1,True,True,94153.83,False
15684171,Bianchi,660,Spain,Female,61,5,155931.11,1,True,True,158338.39,False
15754849,Tyler,776,Germany,Female,32,4,109421.13,2,True,True,126517.46,False
15766205,Yin,550,Germany,Male,38,2,103391.38,1,False,True,90878.13,False
15771873,Buccho,776,Germany,Female,37,2,103769.22,2,True,False,194099.12,False
15616550,Chidiebele,698,Germany,Male,44,10,116363.37,2,True,False,198059.16,False
15768193,Trevisani,585,Germany,Male,36,5,146050.97,2,False,False,86424.57,False
15683553,O'Brien,788,France,Female,33,5,0.0,2,False,False,116978.19,False
15760861,Phillipps,619,France,Male,43,1,125211.92,1,True,True,113410.49,False
15630053,Tsao,656,France,Male,45,5,127864.4,1,True,False,87107.57,False
15647091,Endrizzi,725,Germany,Male,19,0,75888.2,1,False,False,45613.75,False
15804771,Velazquez,614,France,Male,51,4,40685.92,1,True,True,46775.28,False
15651280,Hunter,742,Germany,Male,35,5,136857.0,1,False,False,84509.57,False
15773469,Clark,687,Germany,Female,27,9,152328.88,2,False,False,126494.82,False
15702014,Jeffrey,555,Spain,Male,33,1,56084.69,2,False,False,178798.13,False
15751208,Pirozzi,684,Spain,Male,56,8,78707.16,1,True,True,99398.36,False
15592461,Jackson,603,Germany,Male,26,4,109166.37,1,True,True,92840.67,False
15789484,Hammond,751,Germany,Female,36,6,169831.46,2,True,True,27758.36,False
15696061,Brownless,581,Germany,Female,34,1,101633.04,1,True,False,110431.51,False
15641582,Chibugo,735,Germany,Male,43,10,123180.01,2,True,True,196673.28,False
15638424,Glauert,661,Germany,Female,35,5,150725.53,2,False,True,113656.85,False
15755648,Pisano,675,France,Female,21,8,98373.26,1,True,False,18203.0,False
15620344,McKee,813,France,Male,29,6,0.0,1,True,False,33953.87,False
15812518,Palermo,657,Spain,Female,37,0,163607.18,1,False,True,44203.55,False
15779052,Ballard,604,Germany,Female,25,5,157780.84,2,True,True,58426.81,False
15770811,Wallace,519,France,Male,36,9,0.0,2,False,True,145562.4,False
15780961,Cavenagh,735,France,Female,21,1,178718.19,2,True,False,22388.0,False
15614049,Hu,664,France,Male,55,8,0.0,2,True,True,139161.64,False
15662085,Read,678,France,Female,32,9,0.0,1,True,True,148210.64,False
15575185,Bushell,757,Spain,Male,33,5,77253.22,1,False,True,194239.63,False
15803136,Postle,416,Germany,Female,41,10,122189.66,2,True,False,98301.61,False
15706021,Buley,665,France,Female,34,1,96645.54,2,False,False,171413.66,False
15641732,Mills,543,France,Female,36,3,0.0,2,False,False,26019.59,False
15701164,Onyeorulu,506,France,Female,34,4,90307.62,1,True,True,159235.29,False
15738751,Beit,493,France,Female,46,4,0.0,2,True,False,1907.66,False
15805254,Ndukaku,652,Spain,Female,75,10,0.0,2,True,True,114675.75,False
15625759,Rowley,729,France,Male,30,9,0.0,2,True,False,151869.35,False
15767954,Osborne,635,Germany,Female,28,3,81623.67,2,True,True,156791.36,False
15731511,Ritchie,808,France,Male,45,7,118626.55,2,True,False,147132.46,False
15809248,Cole,524,France,Female,36,10,0.0,2,True,False,109614.57,False
15640635,Capon,769,France,Male,29,8,0.0,2,True,True,172290.61,False
15676966,Capon,730,Spain,Male,42,4,0.0,2,False,True,85982.47,False
15699461,Fiorentini,515,Spain,Male,35,10,176273.95,1,False,True,121277.78,False
15738721,Graham,773,Spain,Male,41,9,102827.44,1,False,True,64595.25,False
15693683,Yuille,814,Germany,Male,29,8,97086.4,2,True,True,197276.13,False
15604348,Allard,710,Spain,Male,22,8,0.0,2,False,False,99645.04,False
15633059,Fanucci,413,France,Male,34,9,0.0,2,False,False,6534.18,False
15808582,Fu,665,France,Female,40,6,0.0,1,True,True,161848.03,False
15743192,Hung,623,France,Female,44,6,0.0,2,False,False,167162.43,False
15580146,Hung,738,France,Male,31,9,82674.15,1,True,False,41970.72,False
15776605,Bradley,528,Spain,Male,36,7,0.0,2,True,False,60536.56,False
15599195,Stiger,582,Germany,Male,32,1,88938.62,1,True,True,10054.53,False
15812878,Parsons,785,Germany,Female,36,2,99806.85,1,False,True,36976.52,False
15602312,Walkom,605,Spain,Male,33,5,150092.8,1,False,False,71862.79,False
15803526,Eremenko,685,Germany,Male,30,3,90536.81,1,False,True,63082.88,False
15665790,Rowntree,538,Germany,Male,39,7,108055.1,2,True,False,27231.26,False
15715951,Thorpe,562,France,Male,42,2,100238.35,1,False,False,86797.41,False
15591100,Chiemela,675,Spain,Male,36,9,106190.55,1,False,True,22994.32,False
15675522,Ko,628,Germany,Female,30,9,132351.29,2,True,True,74169.13,False
15705512,Welch,668,Germany,Female,37,6,167864.4,1,True,False,115638.29,False
15698028,Duncan,506,France,Female,41,1,0.0,2,True,False,31766.3,False
15600781,Wu,699,Germany,Male,34,4,185173.81,2,True,False,120834.48,False
15682472,Culbreth,828,France,Male,34,8,129433.34,2,False,False,38131.77,False
15580203,Kennedy,674,Spain,Male,39,6,120193.42,1,False,False,100130.95,False
15690673,Cameron,656,France,Female,39,6,0.0,2,True,False,141069.88,False
15760085,Calabresi,684,Germany,Female,48,10,126384.42,1,True,True,198129.36,False
15779659,Zetticci,625,France,Female,28,3,0.0,1,False,False,183646.41,False
15575492,Kennedy,828,France,Female,41,7,0.0,2,True,False,171378.77,False
15591607,Fernie,770,France,Male,24,9,101827.07,1,True,False,167256.35,False
15740404,He,758,France,Female,34,3,0.0,2,True,True,124226.16,False
15718369,Kaodilinakachukwu,795,Germany,Female,33,9,130862.43,1,True,True,114935.21,False
15677871,Cocci,687,France,Male,38,9,122570.87,1,True,True,35608.88,False
15642004,Alekseeva,686,France,Male,25,1,0.0,2,False,True,16459.37,False
15712543,Chinweike,789,Germany,Male,39,7,124828.46,2,True,True,124411.08,False
15584518,Arthur,589,Germany,Female,50,5,144895.05,2,True,True,34941.23,False
15802381,Li,461,Germany,Female,34,5,63663.93,1,False,True,167784.28,False
15610156,Ma,637,France,Male,40,2,133463.1,1,False,True,93165.34,False
15698932,Groves,756,Germany,Male,44,10,137452.09,1,True,False,189543.9,False
15724944,Tien,663,France,Male,34,7,0.0,2,True,True,180427.24,False
15628145,Forwood,682,France,Female,43,5,125851.93,1,True,True,193318.33,False
15800703,Madukwe,485,Spain,Female,21,5,113157.22,1,True,True,54141.5,False
15705707,Bennelong,635,Spain,Female,29,8,138296.94,2,True,False,141075.51,False
15754105,Olisanugo,650,France,Male,37,5,106967.18,1,False,False,24495.03,False
15703264,Chukwufumnanya,735,France,Male,44,9,120681.63,1,True,False,74836.34,False
15794413,Harris,416,France,Male,32,0,0.0,2,False,True,878.87,False
15650237,Morgan,754,Spain,Female,32,7,0.0,2,True,False,89520.75,False
15811589,Metcalfe,716,Spain,Male,42,8,0.0,2,True,False,180800.42,False
15689044,Humphries,539,France,Male,37,2,127609.59,1,True,False,98646.22,False
15709368,Milne,614,France,Female,43,6,0.0,2,True,True,109041.53,False
15655007,Li,758,France,Female,33,7,0.0,2,False,False,82996.47,False
15623595,Clayton,586,Spain,Female,28,2,0.0,2,True,True,92067.35,False
15589975,Maclean,646,France,Female,73,6,97259.25,1,False,True,104719.66,False
15804017,Chigolum,631,Germany,Female,33,4,123246.7,1,False,False,112687.57,False
15692132,Wilkinson,717,Spain,Female,22,6,101060.25,1,False,True,84699.56,False
15641122,Wei,684,France,Male,30,2,0.0,2,True,False,83473.82,False
15630910,Treacy,800,France,Female,49,7,108007.36,1,False,False,47125.11,False
15680772,Hu,721,Spain,Female,36,2,0.0,2,True,True,106977.8,False
15585388,Sherman,660,Germany,Male,31,9,125189.75,2,True,True,139874.43,False
15588537,Robinson,615,Spain,Female,41,9,109013.23,1,True,False,196499.96,False
15611325,Wood,682,Germany,Male,24,9,57929.81,2,False,False,53134.3,False
15587562,Hawkins,484,France,Female,29,4,130114.39,1,True,False,164017.89,False
15613172,Sun,628,Germany,Male,27,5,95826.49,2,True,False,155996.96,False
15586310,Ting,578,France,Male,30,4,169462.09,1,True,False,112187.11,False
15625524,Rowe,512,France,Male,40,5,0.0,2,True,True,146457.83,False
15755209,Fu,484,Spain,Female,35,7,133868.21,1,True,True,27286.1,False
15645248,Ho,510,France,Female,30,0,0.0,2,True,True,130553.47,False
15790355,Okechukwu,606,Germany,Male,36,5,190479.48,2,False,False,179351.89,False
15762615,Campbell,597,Spain,Female,40,8,101993.12,1,False,True,94774.12,False
15716334,Rozier,850,Spain,Female,45,2,122311.21,1,True,True,19482.5,False
15789669,Hsia,510,France,Male,65,2,0.0,2,True,True,48071.61,False
15621075,Ogbonnaya,778,Germany,Female,45,1,162150.42,2,True,False,174531.27,False
15810845,T'ang,636,France,Male,42,2,0.0,2,True,True,55470.78,False
15654506,Chang,514,France,Male,32,8,0.0,2,True,False,95857.18,False
15771977,T'ao,730,France,Female,39,1,99010.67,1,True,False,194945.8,False
15708710,Ford,525,Spain,Female,37,0,0.0,1,False,True,131521.72,False
15726676,Marshall,616,Spain,Male,30,5,0.0,2,False,True,196108.51,False
15587421,Tsai,687,Germany,Female,34,7,111388.18,2,True,False,148564.76,False
15771086,Graham,512,France,Female,36,3,84327.77,2,True,False,17675.36,False
15756850,Golovanov,479,France,Male,40,1,0.0,2,False,False,114996.43,False
15702741,Potts,601,France,Male,32,8,93012.89,1,True,False,86957.42,False
15679200,Crawford,580,Spain,Male,29,9,61710.44,2,True,False,128077.8,False
15594815,Aleshire,807,France,Male,35,3,174790.15,1,True,True,600.36,False
15635905,Moran,616,Spain,Female,32,6,0.0,2,True,True,43001.46,False
15777892,Samsonova,721,Germany,Male,37,3,107720.64,1,True,True,158591.12,False
15656176,Jenkins,501,France,Male,57,10,0.0,2,True,True,47847.19,False
15811127,Volkov,521,France,Male,35,6,96423.84,1,True,False,10488.44,False
15604482,Chiemezie,850,Spain,Male,30,2,141040.01,1,True,True,5978.2,False
15622911,Jude,759,France,Male,42,4,105420.18,1,False,True,121409.06,False
15627801,Ginikanwa,648,Spain,Male,33,3,176666.62,1,True,False,94670.77,False
15773039,Ku,550,France,Male,37,3,0.0,1,True,True,179670.31,False
15679531,Collins,618,France,Male,34,5,134954.53,1,True,True,151954.39,False
15612087,Dike,671,France,Male,45,2,106376.85,1,False,True,158264.62,False
15752047,Unknown,689,Germany,Male,33,2,161814.64,2,True,False,169381.9,False
15624592,Tan,603,France,Male,31,8,0.0,2,True,True,169915.02,False
15573152,Glassman,620,France,Female,41,9,0.0,2,False,False,88852.47,False
15594917,Miller,676,France,Female,34,1,63095.01,1,True,True,40645.81,False
15785542,Kornilova,648,Germany,Male,26,4,118287.01,2,False,False,98596.99699392713,False
15680920,Marchesi,695,France,Male,46,7,49512.55,1,True,False,133007.34,False
15786308,Millar,730,Spain,Female,33,9,0.0,2,False,False,176576.62,False
15725311,Hay,726,France,Female,31,9,114722.05,2,True,True,98178.57,False
15787155,Yang,514,Spain,Male,30,7,0.0,1,False,True,125010.24,False
15727829,McIntyre,567,France,Male,42,2,0.0,2,True,True,167984.61,False
15699029,Bagley,670,France,Male,37,4,170557.91,2,True,False,198252.88,False
15774393,Ch'ien,694,France,Female,30,9,0.0,2,True,True,26960.31,False
15605461,Lucas,594,Germany,Female,29,3,130830.22,1,True,False,61048.53,False
15808473,Ringrose,673,France,Male,72,1,0.0,2,False,True,111981.19,False
15627000,Freeman,610,France,Male,40,0,0.0,2,True,False,62232.6,False
15787174,Sergeyev,512,France,Female,37,1,0.0,2,False,True,156105.03,False
15723886,Fiore,767,Germany,Male,20,3,119714.25,2,False,True,150135.38,False
15704769,Smith,585,France,Female,67,5,113978.97,2,False,True,93146.11,False
15711540,Pacheco,712,France,Female,29,2,0.0,1,True,True,144375.0,False
15795149,Stevens,703,France,Male,28,2,81173.83,2,False,True,162812.16,False
15812009,Grant,662,Spain,Male,38,4,0.0,2,True,False,136259.65,False
15651001,Tsao,725,Germany,Female,39,5,116803.8,1,True,False,124052.97,False
15813844,Barnes,703,France,Male,37,8,105961.68,2,False,True,74158.8,False
15576269,Madison,523,Spain,Male,34,7,0.0,2,True,False,62030.06,False
15685500,Glazkov,772,Germany,Male,26,7,152400.51,2,True,False,79414.0,False
15599792,Dimauro,545,France,Female,26,1,0.0,2,True,True,199638.56,False
15657566,Wieck,634,Germany,Male,24,8,103097.85,1,True,True,157577.29,False
15628112,Hughes,771,Germany,Female,36,5,77846.9,1,False,False,99805.99,False
15753754,Morrison,587,Spain,Female,34,1,0.0,2,True,True,97932.68,False
15793726,Matveyeva,681,France,Female,79,0,0.0,2,False,True,170968.99,False
15694717,Ku,544,Germany,Male,37,2,79731.91,1,True,True,57558.95,False
15665834,Cheatham,696,Spain,Male,28,8,0.0,1,False,False,176713.47,False
15765297,Yao,766,Spain,Male,41,0,0.0,2,False,True,34283.23,False
15636684,Kirkland,727,France,Male,34,10,0.0,2,True,True,198637.34,False
15592979,Rose,671,Germany,Female,34,6,37266.67,2,False,False,156917.12,False
15750803,Jess,693,France,Female,30,6,127992.25,1,True,True,50457.2,False
15607178,Welch,850,Germany,Male,38,3,54901.01,1,True,True,140075.55,False
15713853,Ifeajuna,732,Germany,Male,42,9,108748.08,2,True,True,65323.11,False
15673481,Morton,726,Spain,Female,48,6,99906.19,1,True,False,64323.24,False
15686776,Rossi,557,France,Female,32,6,184686.41,2,True,False,14956.44,False
15673693,Reppert,682,France,Female,26,0,110654.02,1,False,True,111879.21,False
15700696,Kang,738,Spain,Male,31,9,79019.8,1,True,True,18606.23,False
15813163,Ch'iu,531,Spain,Female,36,9,99240.51,1,True,False,123137.01,False
15653857,Wallis,498,France,Male,34,2,0.0,2,True,True,148528.24,False
15777076,Clark,651,France,Male,36,7,0.0,2,True,False,13898.31,False
15799217,Zetticci,791,Germany,Female,35,7,52436.2,1,True,False,161051.75,False
15787071,Dulhunty,650,Spain,Male,41,9,0.0,2,False,True,191599.67,False
15796505,Boyle,811,Germany,Female,34,1,149297.19,2,True,True,186339.74,False
15725166,Newton,707,France,Male,30,8,0.0,2,True,False,33159.37,False
15800116,Bowman,712,Germany,Male,28,4,145605.44,1,False,True,93883.53,False
15758685,Dubinina,706,Spain,Female,37,7,0.0,2,True,True,110899.3,False
15767339,Chiazagomekpere,777,France,Female,53,10,0.0,2,True,False,189992.97,False
15683562,Allen,646,France,Male,35,6,84026.86,1,False,True,164255.69,False
15668893,Wilsmore,782,France,Male,39,8,0.0,2,True,True,33949.67,False
15669169,Hargreaves,775,Spain,Male,29,10,0.0,2,True,True,68143.93,False
15699389,Ch'ien,807,France,Male,42,7,118274.71,1,True,True,25885.72,False
15708608,Wallwork,799,France,Female,22,8,174185.98,2,False,True,192633.85,False
15626144,Chu,675,France,Male,40,7,113208.86,2,True,False,34577.36,False
15573112,Kang,602,Spain,Male,29,5,103907.28,1,True,False,161229.84,False
15790678,Davidson,475,France,Female,32,8,119023.28,1,True,False,100816.29,False
15727556,O'Donnell,744,Spain,Female,26,5,166297.89,1,True,True,181694.44,False
15697307,Nnachetam,588,Spain,Male,34,10,0.0,2,True,False,79078.91,False
15652266,Chidiebele,703,Germany,Male,42,9,63227.0,1,False,True,137316.32,False
15607098,Ahmed,747,Spain,Female,41,5,94521.17,2,True,False,194926.86,False
15655774,Booth,583,France,Male,27,7,0.0,2,True,False,51285.49,False
15785819,Shao,681,France,Male,38,3,0.0,2,True,True,112491.96,False
15723654,Tsao,773,France,Male,25,2,135903.33,1,True,False,73656.38,False
15774510,Tien,714,France,Female,31,4,125169.26,1,True,True,106636.89,False
15650068,Johnson,511,France,Male,58,0,149117.31,1,True,True,162599.51,False
15811490,French,627,France,Male,33,5,0.0,2,True,True,103737.82,False
15803976,Efremov,694,France,Female,31,10,0.0,2,True,False,160990.27,False
15682541,Hartley,616,Spain,Female,36,6,132311.71,1,False,False,15462.84,False
15695699,Calabrese,687,France,Male,35,8,0.0,2,True,False,10334.05,False
15624188,Chiu,712,France,Female,33,6,0.0,2,True,True,190686.16,False
15812191,Brennan,553,France,Male,33,4,118082.89,1,False,False,94440.45,False
15636673,Onwuatuegwu,667,France,Male,31,1,119266.69,1,True,True,28257.63,False
15660211,Shih,629,Germany,Male,35,7,156847.29,2,True,False,31824.29,False
15746726,Doyle,438,Germany,Male,31,8,78398.69,1,True,False,44937.01,False
15712287,Pokrovskii,652,France,Female,80,4,0.0,2,True,True,188603.07,False
15702919,Collins,729,Germany,Male,30,6,63669.42,1,True,False,145111.37,False
15674398,Russo,642,France,Male,38,3,0.0,2,False,False,171463.83,False
15797960,Skinner,806,Germany,Female,59,0,135296.33,1,True,False,182822.5,False
15631868,Robertson,744,Spain,Male,36,2,153804.44,1,True,True,87213.33,False
15581539,Atkinson,474,Spain,Male,37,3,0.0,2,False,False,57175.32,False
15666252,Ritchie,706,Spain,Male,42,9,0.0,2,True,True,28714.34,False
15677512,McEncroe,628,Spain,Female,22,3,0.0,1,True,False,85426.28,False
15626114,Pearson,429,France,Male,24,4,95741.75,1,True,False,46170.75,False
15810834,Gordon,525,Spain,Female,57,2,145965.33,1,True,True,64448.36,False
15678910,Ts'ai,680,France,Female,30,8,141441.75,1,True,True,16278.97,False
15585215,Yuan,763,France,Female,31,4,0.0,2,False,False,50404.72,False
15682757,Pardey,734,France,Male,30,3,0.0,2,True,False,107640.25,False
15736601,Tai,716,France,Male,35,4,144428.87,1,True,False,134132.65,False
15601848,Scott,594,France,Male,35,2,0.0,2,True,False,103480.69,False
15669064,Mazzanti,671,Germany,Male,35,1,144848.74,1,True,True,179012.3,False
15624528,L?,664,Germany,Male,26,7,116244.14,2,True,True,95145.14,False
15598493,Beach,656,France,Male,50,7,0.0,2,False,True,72143.44,False
15601274,Hsieh,667,Spain,Female,40,1,146502.07,1,True,False,19162.89,False
15702669,Faulkner,663,Germany,Male,44,2,117028.6,2,False,True,144680.18,False
15742668,Day,626,Spain,Female,37,6,108269.37,1,True,False,5597.94,False
15740476,Tsao,659,Germany,Female,32,3,150923.74,2,False,True,174652.51,False
15648064,Kennedy,649,France,Male,33,2,0.0,2,True,False,2010.98,False
15786170,Tien,659,France,Male,31,4,118342.26,1,False,False,161574.19,False
15681081,Marrero,545,Spain,Female,47,5,0.0,2,True,True,38970.14,False
15684484,White,543,France,Male,22,8,0.0,2,False,False,127587.22,False
15785869,Pisano,718,France,Female,25,7,0.0,2,True,False,30380.12,False
15763859,Brown,840,France,Female,43,7,0.0,2,True,False,90908.95,False
15658935,Freeman,630,Germany,Female,34,9,106937.05,2,True,False,138275.01,False
15747358,Russell,643,Germany,Male,59,3,170331.37,1,True,True,32171.79,False
15735203,Seleznyov,654,Germany,Female,32,1,114510.85,1,True,True,126143.23,False
15576256,Yusupova,582,France,Male,39,5,0.0,2,True,True,129892.93,False
15659420,Foley,659,Spain,Male,32,3,107594.11,2,True,True,102416.84,False
15593365,Shih,762,Spain,Male,39,2,81273.13,1,True,True,18719.67,False
15777352,Ikedinachukwu,568,Spain,Female,32,7,169399.6,1,True,False,61936.22,False
15812007,Power,670,Spain,Male,25,6,0.0,2,True,True,78358.94,False
15625461,Amos,613,France,Female,45,1,187841.99,2,True,True,147224.27,False
15739438,Reed,539,France,Male,30,0,0.0,2,True,False,160979.66,False
15611759,Simmons,850,Spain,Female,57,8,126776.3,2,True,True,132298.49,False
15633950,Yen,737,France,Male,41,1,101960.74,1,True,True,123547.28,False
15592386,Campbell,520,France,Male,58,3,0.0,2,False,True,32790.02,False
15803716,West,706,Spain,Male,28,3,0.0,2,False,True,181543.67,False
15706365,Bianchi,648,France,Female,50,9,102535.57,1,True,True,189543.19,False
15745088,Chen,443,Germany,Female,29,9,99027.61,2,True,False,10940.4,False
15676715,Madukaego,640,France,Male,68,9,0.0,2,True,True,199493.38,False
15613085,Ibrahimova,628,Spain,Female,33,3,0.0,1,True,True,188193.25,False
15633537,Nolan,540,Germany,Female,42,9,87271.41,2,True,False,172572.64,False
15594720,Scott,460,Germany,Female,35,8,102742.91,2,True,True,189339.6,False
15684042,Blair,636,Germany,Male,34,2,40105.51,2,False,True,53512.16,False
15583303,Monaldo,593,France,Female,29,2,152265.43,1,True,False,34004.44,False
15611579,Sutherland,801,Spain,Male,42,4,141947.67,1,True,True,10598.29,False
15774696,Cole,640,Germany,Female,75,1,106307.91,2,False,True,113428.77,False
15694506,Briggs,611,Germany,Male,31,0,107884.81,2,True,True,183487.98,False
15688074,Gregory,802,Germany,Male,31,1,125013.72,1,True,True,187658.09,False
15759537,Bianchi,717,Germany,Male,35,7,58469.37,2,True,True,172459.39,False
15758449,Angelo,769,France,Female,39,8,0.0,1,False,True,21016.0,False
15667871,Kerr,572,Spain,Male,35,4,152390.26,1,True,False,128123.66,False
15677371,Ko,629,Spain,Female,30,2,34013.63,1,True,False,19570.63,False
15713578,Farrell,483,France,Female,50,9,0.0,2,True,True,111020.24,False
15591509,Milano,690,France,Male,36,7,101583.11,2,True,False,123775.15,False
15568240,Ting,492,Germany,Female,30,10,77168.87,2,False,True,146700.22,False
15622993,Boyd,709,Germany,Male,28,8,124695.72,2,True,False,145251.35,False
15689294,Onyemaechi,705,Germany,Male,44,3,105934.96,1,True,False,82463.69,False
15720910,Black,560,France,Female,66,9,0.0,1,True,True,15928.49,False
15721181,Oliver,611,Spain,Male,46,6,0.0,2,True,False,45886.33,False
15776433,Greco,730,Spain,Male,62,2,0.0,2,True,True,186489.95,False
15748936,Whitehead,709,Spain,Female,45,2,0.0,2,False,True,162922.65,False
15717225,Ikemefuna,544,France,Female,21,10,161525.96,2,True,False,9262.77,False
15685226,Morrison,712,Germany,Female,29,7,147199.07,1,True,True,84932.4,False
15785611,Onyeoruru,752,Germany,Male,38,3,183102.29,1,True,True,71557.12,False
15620505,Celis,594,Spain,Female,24,0,97378.54,1,True,True,71405.17,False
15807432,Cheng,645,Germany,Female,37,2,136925.09,2,False,True,153400.24,False
15584766,Knight,557,France,Male,33,3,54503.55,1,True,True,371.05,False
15612187,Morin,547,Germany,Male,32,8,155726.85,1,True,False,67789.99,False
15762218,Mills,701,France,Female,39,9,0.0,2,False,True,145894.9,False
15690452,Tung,605,France,Male,52,1,63349.75,1,True,False,108887.44,False
15747795,Pai,593,Germany,Female,38,4,129499.42,1,True,True,154071.27,False
15781589,Carpenter,751,Spain,Male,52,8,0.0,2,False,True,179291.85,False
15732674,Fennell,443,Spain,Male,36,6,70438.01,2,False,True,56937.43,False
15642291,Fontaine,685,France,Male,23,8,0.0,2,True,True,112239.03,False
15692761,Pratt,718,France,Male,36,9,0.0,1,True,False,45909.87,False
15745354,Franklin,611,Spain,Female,37,4,0.0,2,True,False,125696.26,False
15701376,K'ung,668,Germany,Male,37,10,152958.29,2,True,True,159585.61,False
15691625,Ko,537,Germany,Female,41,3,138306.34,1,True,False,106761.47,False
15566594,McKenzie,709,Spain,Male,23,10,0.0,2,False,False,129590.18,False
15760431,Pino,850,France,Male,38,1,0.0,2,True,True,80006.65,False
15686302,Fisk,745,Spain,Female,31,3,124328.84,1,True,True,140451.52,False
15810432,Moseley,795,Spain,Male,35,8,0.0,2,True,False,167155.36,False
15809616,Hsiung,626,Spain,Male,26,8,0.0,2,False,False,191420.71,False
15695632,Dellucci,556,France,Female,39,9,89588.35,1,True,True,94898.1,False
15659843,Li,643,France,Female,46,6,0.0,2,False,False,106781.59,False
15615624,De Salis,605,France,Female,28,6,0.0,2,False,False,159508.52,False
15716186,Richardson,586,France,Female,38,2,0.0,2,True,False,87168.46,False
15622834,Stevenson,678,France,Female,35,4,0.0,1,True,False,125518.32,False
15566111,Estes,596,France,Male,39,9,0.0,1,True,False,48963.59,False
15784597,Lattimore,648,France,Male,26,9,162923.85,1,True,False,98368.24,False
15652883,Chung,492,Germany,Male,39,10,124576.65,2,True,False,148584.61,False
15806964,Utz,702,France,Male,45,0,80793.58,1,True,True,27474.81,False
15576313,Wei,486,Germany,Female,40,9,71340.09,1,True,False,76192.21,False
15743040,Kuznetsova,724,Germany,Male,41,2,127892.57,2,False,True,199645.45,False
15705521,Pisani,548,Germany,Female,33,0,101084.36,1,True,False,42749.85,False
15799384,Collier,683,France,Male,33,8,0.0,1,False,False,73564.44,False
15581197,Ricci,762,France,Female,51,3,99286.98,1,False,True,85578.63,False
15693737,Carr,627,Germany,Female,30,4,79871.02,2,True,False,129826.89,False
15624623,Hs?,516,France,Male,35,10,104088.59,2,False,False,119666.0,False
15783501,Findlay,800,France,Female,38,2,168190.33,2,True,False,68052.08,False
15690134,Hughes,464,Germany,Female,42,3,85679.25,1,True,True,164104.74,False
15782735,Chukwuemeka,626,France,Female,35,3,0.0,1,False,False,80190.36,False
15611088,Genovese,790,France,Female,31,9,0.0,2,True,False,84126.75,False
15672145,Swift,534,France,Female,34,7,121551.58,2,True,True,70179.0,False
15732628,Ugoji,745,France,Male,46,2,122220.19,1,True,True,118024.1,False
15803406,Ross,748,France,Female,26,1,77780.29,1,False,True,183049.41,False
15730460,Oleary,722,France,Male,37,2,0.0,1,False,False,120906.83,False
15644572,Turnbull,501,France,Male,40,4,125832.2,1,True,True,100433.83,False
15658169,Cook,778,Spain,Female,47,6,127299.34,2,True,False,124694.99,False
15794396,Newbold,494,Germany,Female,38,7,174937.64,1,True,False,40084.32,False
15785798,Uchechukwu,850,France,Male,40,9,0.0,2,False,True,119232.33,False
15710825,Ch'en,592,Spain,Male,31,7,110071.1,1,False,False,43921.36,False
15668444,He,590,Spain,Female,44,3,139432.37,1,True,False,62222.81,False
15726631,Hilton,758,France,Female,39,6,127357.76,1,False,True,56577.0,False
15733797,Sal,506,France,Male,36,5,0.0,2,True,False,164253.35,False
15747960,Eluemuno,733,France,Male,33,3,0.0,1,True,True,7666.73,False
15634632,Titus,711,France,Male,38,3,0.0,2,True,False,68487.51,False
15662976,Lettiere,637,Spain,Male,37,8,0.0,1,True,True,186062.36,False
15732778,Templeman,468,Germany,Male,29,1,111681.98,2,True,True,195711.16,False
15718443,Chibuzo,539,France,Male,39,3,0.0,2,True,False,36692.17,False
15670039,Sun,509,Spain,Female,25,3,108738.71,2,True,False,106920.57,False
15613786,Ogbonnaya,818,Spain,Male,26,4,0.0,2,True,True,167036.94,False
15726032,Enyinnaya,608,France,Male,33,9,89968.69,1,True,False,68777.26,False
15663252,Olisanugo,850,Spain,Female,32,9,0.0,2,True,True,18924.92,False
15633283,Padovano,536,France,Male,35,8,0.0,2,True,False,64833.28,False
15749167,Fisk,753,France,Male,35,3,0.0,2,True,True,184843.77,False
15759298,Shih,631,Spain,Male,27,10,134169.62,1,True,True,176730.02,False
15635367,Muir,774,France,Male,26,2,93844.69,1,True,False,28415.36,False
15681705,Fanucci,785,France,Male,28,8,0.0,2,True,False,77231.27,False
15603156,Elewechi,571,France,Female,33,1,0.0,2,True,False,102750.7,False
15798888,Pisano,605,Germany,Female,31,1,117992.59,1,True,True,183598.77,False
15809722,Ankudinov,611,France,Female,40,8,100812.33,2,True,False,147358.27,False
15677538,Nwokike,569,France,Male,38,7,0.0,1,True,True,108469.2,False
15797736,Smith,658,France,Male,29,4,80262.6,1,True,True,20612.82,False
15695585,Atkins,788,Spain,Male,34,6,156478.62,1,False,True,181196.76,False
15744398,Burns,525,France,Female,23,5,0.0,2,True,False,160249.1,False
15750658,Obiuto,798,France,Male,37,8,0.0,3,False,False,110783.28,False
15578186,Pirozzi,486,Germany,Male,37,9,115217.99,2,True,False,144995.33,False
15637954,Lewis,730,France,Female,35,0,155470.55,1,True,True,53718.28,False
15758639,Moran,641,France,Male,37,7,0.0,2,True,False,75248.3,False
15731744,Carslaw,692,France,Male,30,2,0.0,2,False,True,130486.57,False
15807709,Kirby,714,Germany,Female,55,9,180075.22,1,True,True,100127.71,False
15714689,Houghton,591,Spain,Male,29,1,97541.24,1,True,True,196356.17,False
15699005,Martin,710,France,Female,41,2,156067.05,1,True,True,9983.88,False
15624170,Tan,639,France,Female,38,4,81550.94,2,False,True,118974.77,False
15804256,Hale,765,Germany,Male,36,8,92310.54,2,True,True,72924.56,False
15662403,Kryukova,622,France,Female,32,6,169089.38,2,True,False,101057.95,False
15733616,Sopuluchukwu,806,France,Male,40,5,80613.93,1,True,True,142838.64,False
15591995,Barry,757,Germany,Male,26,8,121581.56,2,True,True,127059.04,False
15727688,Chizuoke,555,Spain,Male,32,4,0.0,2,True,True,54405.79,False
15715941,Lueck,692,France,Male,54,5,0.0,2,True,True,88721.84,False
15730059,Udobata,638,Spain,Male,44,9,77637.35,2,True,True,111346.22,False
15715527,Freeman,543,Spain,Female,41,4,0.0,1,False,False,194902.16,False
15576623,Outlaw,584,France,Male,31,5,0.0,2,True,False,31474.27,False
15805565,Obiuto,691,Germany,Male,30,7,116927.89,1,True,False,21198.39,False
15677307,Lo,684,Germany,Female,40,6,137326.65,1,True,False,186976.6,False
15773890,Okechukwu,733,France,Male,22,5,0.0,2,True,True,117202.19,False
15598883,King,599,Spain,Female,37,2,0.0,2,True,True,143739.29,False
15568506,Forbes,524,Germany,Female,31,10,67238.98,2,True,True,161811.23,False
15761043,Macleod,632,Germany,Female,38,6,86569.76,2,True,False,98090.91,False
15782236,Gibbs,735,Spain,Male,34,5,0.0,2,False,False,71095.41,False
15593601,Isayev,734,France,Male,34,6,133598.4,1,True,True,13107.24,False
15746902,Belstead,793,Spain,Male,38,9,0.0,2,True,False,88225.02,False
15781307,Schneider,779,Germany,Male,37,7,120092.52,2,True,False,135925.72,False
15745417,Knipe,707,France,Male,58,6,89685.92,1,False,True,126471.13,False
15653547,Madukwe,850,France,Male,56,7,131317.48,1,True,True,119175.45,False
15595766,Watts,527,Spain,Male,37,5,93722.73,2,True,True,139093.73,False
15742358,Humphreys,696,Germany,Male,32,8,101160.99,1,True,True,115916.55,False
15763274,Wu,661,France,Male,48,3,120320.54,1,False,False,96463.25,False
15786063,Chin,776,France,Female,31,2,0.0,2,True,True,112349.51,False
15600258,Chesnokova,701,France,Male,43,2,0.0,2,True,True,165303.79,False
15573318,Kung,610,France,Male,26,8,0.0,2,True,False,166031.08,False
15694272,Nkemakolam,673,France,Male,30,1,64097.75,1,True,True,77783.35,False
15736112,Walton,519,Spain,Female,57,2,119035.35,2,True,True,29871.79,False
15749851,Brookes,702,Spain,Female,26,4,135219.57,1,False,True,59747.63,False
15663478,Baldwin,729,France,Male,32,6,93694.42,1,True,True,79919.13,False
15592300,Mai,543,Spain,Male,35,10,59408.63,1,True,False,76773.53,False
15567832,Shih,550,France,Female,40,7,114354.95,1,True,False,54018.93,False
15592846,Fiorentini,639,Germany,Male,35,10,128173.9,2,True,False,59093.39,False
15739803,Lucciano,686,Spain,Male,34,9,0.0,2,True,False,127569.8,False
15667896,De Luca,833,France,Male,37,8,151226.18,2,True,True,136129.49,False
15626578,Milne,622,France,Male,26,9,0.0,2,True,True,153237.59,False
15776223,Davide,597,France,Female,42,4,64740.12,1,True,True,106841.12,False
15615457,Burns,842,Spain,Female,44,2,112652.08,2,True,False,126644.98,False
15708916,Paterson,587,France,Male,38,0,0.0,2,True,False,47414.15,False
15720187,Han,479,Germany,Female,30,7,143964.36,2,True,False,41879.99,False
15595440,Kryukova,508,France,Male,49,7,122451.46,2,True,True,75808.1,False
15600651,Ijendu,749,France,Male,24,1,0.0,3,True,True,47911.03,False
15750141,Reichard,721,Germany,Female,36,3,65253.07,2,True,False,28737.78,False
15763063,Price,685,Spain,Female,25,10,128509.63,1,True,False,121562.33,False
15709324,Bruce,417,France,Male,34,7,0.0,2,True,False,55003.79,False
15711309,Sumrall,574,Germany,Male,33,3,129834.67,1,True,False,193131.42,False
15705515,Lazarev,587,Germany,Male,40,5,138241.9,2,True,False,159418.1,False
15717046,Wentworth-Shields,741,Spain,Male,53,3,0.0,2,True,True,38913.68,False
15571816,Ritchie,850,Spain,Female,70,5,0.0,1,True,True,705.18,False
15670080,Mackenzie,584,Germany,Female,29,7,105204.01,1,False,True,138490.03,False
15800440,Power,650,Spain,Male,61,1,152968.73,1,False,True,82970.69,False
15665678,Tan,607,Spain,Male,36,8,158261.68,1,True,True,76744.72,False
15788126,Evans,689,Spain,Female,38,6,121021.05,1,True,True,12182.15,False
15811773,Hsia,543,France,Male,36,4,0.0,2,True,True,141210.5,False
15689614,Teng,687,Spain,Female,63,1,137715.66,1,True,True,37938.74,False
15795564,Moretti,737,Germany,Male,31,5,121192.22,2,True,True,74890.58,False
15706647,Jordan,761,France,Male,31,7,0.0,3,True,True,166698.18,False
15728505,Ts'ao,601,France,Male,44,1,100486.18,2,True,True,62678.53,False
15622003,Carslaw,745,France,Male,35,9,92566.53,2,True,False,161519.77,False
15644753,Hung,848,Spain,Male,40,3,110929.96,1,True,True,30876.84,False
15653620,Gordon,546,France,Female,27,8,0.0,2,True,True,14858.1,False
15761986,Obialo,439,Spain,Female,32,3,138901.61,1,True,False,75685.97,False
15633922,Gray,755,France,Male,30,4,123217.66,2,False,True,144183.1,False
15734674,Lin,593,France,Female,41,6,0.0,1,True,False,65170.66,False
15658032,Hopkins,701,France,Male,39,2,0.0,2,True,True,82526.92,False
15692671,Dobson,701,Spain,Male,36,8,0.0,2,True,False,169161.46,False
15576352,Revell,586,Spain,Female,57,3,0.0,2,False,True,6057.81,False
15753719,Rickards,547,Germany,Female,30,9,72392.41,1,True,False,77077.14,False
15680998,Nwankwo,725,France,Male,44,5,0.0,1,True,True,117356.14,False
15614782,Hao,526,France,Male,36,1,0.0,1,True,False,160696.72,False
15604044,Mitchell,700,France,Male,38,8,134811.3,1,True,False,1299.75,False
15679587,Chan,666,France,Female,34,9,115897.12,1,True,True,25095.03,False
15775153,Buchi,630,Spain,Male,32,4,82034.0,1,False,False,146326.45,False
15603925,Greco,779,Spain,Female,26,4,174318.13,2,False,True,38296.21,False
15680970,Lombardi,611,Germany,Female,41,2,114206.84,1,True,False,164061.6,False
15697183,Uchenna,685,Spain,Male,43,9,0.0,2,True,False,107811.28,False
15567446,Coffman,646,Germany,Male,39,9,111574.41,1,True,True,30838.51,False
15714939,Fallaci,484,Germany,Female,34,4,148249.54,1,False,True,33738.27,False
15645569,Mai,762,Spain,Female,26,7,123709.46,2,True,True,169654.57,False
15782569,Stout,687,France,Female,72,9,0.0,1,False,True,69829.4,False
15609286,Chadwick,702,France,Male,37,10,150525.8,1,True,True,94728.49,False
15814035,Lawrence,601,France,Male,29,9,0.0,1,True,True,80393.27,False
15661249,Bellucci,699,France,Male,53,4,0.0,2,False,True,111307.98,False
15629117,Harper,584,France,Male,28,10,0.0,2,True,False,19834.32,False
15607170,Boyle,699,France,Male,35,5,0.0,2,True,True,78397.24,False
15586585,Duncan,698,Germany,Female,51,2,111018.98,1,True,False,86410.28,False
15686611,Moss,495,France,Male,30,10,129755.99,1,False,False,172749.65,False
15603203,Avdeyeva,650,France,Female,27,6,0.0,2,True,False,1002.39,False
15619857,Crawford,605,France,Female,64,2,129555.7,1,True,True,13601.79,False
15805062,Lynton,667,Spain,Male,38,1,87202.38,1,True,True,77866.91,False
15660271,Duncan,688,Germany,Male,26,8,146133.39,1,True,True,175296.76,False
15719352,Davidson,754,Spain,Male,39,6,170184.99,2,True,False,89593.26,False
15594594,Loggia,546,Spain,Male,42,7,139070.51,1,True,True,86945.0,False
15646161,Steinhoff,673,Spain,Female,37,8,0.0,2,True,True,183318.79,False
15682585,Guerra,593,France,Male,35,9,114193.24,1,True,False,71154.1,False
15603134,Pai,656,Spain,Female,40,10,167878.5,1,False,True,151887.16,False
15636444,Craig,535,Germany,Female,53,5,141616.55,2,True,True,75888.65,False
15773456,Lazareva,678,Germany,Male,36,3,145747.67,2,False,True,89566.74,False
15604119,Alderete,850,Spain,Male,35,7,110349.82,1,False,False,126355.8,False
15626900,Kung,427,France,Male,29,1,141325.56,1,True,True,93839.3,False
15605447,Palermo,752,France,Male,49,2,78653.84,1,True,False,7698.6,False
15589030,Ts'ai,649,France,Male,47,1,0.0,2,True,True,145593.85,False
15724282,Tsao,540,Germany,Male,44,3,164113.04,2,True,True,12120.79,False
15583725,Mairinger,682,France,Male,48,1,138778.15,1,False,True,168840.23,False
15588350,McIntyre,744,France,Female,43,10,147832.15,1,False,True,24234.11,False
15798398,Pagnotto,785,France,Female,36,4,135438.4,1,False,False,190627.01,False
15580684,Feng,706,France,Female,29,5,112564.62,1,True,False,42334.38,False
15809663,Donaldson,583,France,Female,27,1,125406.58,1,True,True,110784.42,False
15730830,Dale,752,France,Female,30,3,0.0,2,True,True,104991.28,False
15805112,Pokrovsky,578,France,Male,38,7,82259.29,1,True,False,8996.97,False
15633064,Stonebraker,438,France,Female,36,4,0.0,2,True,False,64420.5,False
15703119,Liang,652,France,Male,38,6,0.0,2,True,True,145700.22,False
15730447,Anderson,629,France,Female,49,4,0.0,2,True,True,196335.48,False
15813850,Christian,720,France,Male,52,7,0.0,1,True,True,14781.12,False
15711889,Mao,668,France,Male,42,3,150461.07,1,True,False,108139.23,False
15751710,Ginikanwa,729,Spain,Male,31,8,164870.81,2,True,True,9567.39,False
15692926,Toscani,498,Germany,Male,25,8,121702.73,1,True,True,132210.49,False
15813741,Nnachetam,549,Spain,Male,25,6,193858.2,1,False,True,21600.11,False
15698474,Sagese,601,Germany,Female,54,1,131039.97,2,True,True,199661.5,False
15568595,Fleming,544,France,Male,64,9,113829.45,1,True,True,124341.49,False
15603065,Grubb,751,France,Female,30,6,0.0,2,True,False,15766.1,False
15592937,Napolitani,632,Germany,Female,41,3,81877.38,1,True,True,33642.21,False
15699637,Anenechi,694,Spain,Male,57,8,116326.07,1,True,True,117704.65,False
15667215,Chandler,678,France,Male,31,2,0.0,2,True,True,58803.28,False
15788659,Howells,695,France,Male,46,4,0.0,2,True,True,137537.22,False
15763218,Akeroyd,661,France,Female,41,1,0.0,2,False,True,131300.68,False
15645772,Onwumelu,661,France,Male,33,9,0.0,2,True,True,84174.81,False
15725511,Wallace,559,France,Female,31,3,127070.73,1,False,True,160941.78,False
15575024,Uwaezuoke,503,France,Male,29,3,0.0,2,True,True,143954.99,False
15640825,Loyau,695,Spain,Male,46,3,122549.64,1,True,True,56297.85,False
15662397,Small,640,France,Female,42,5,176099.13,1,True,True,8404.73,False
15576368,Bledsoe,624,Germany,Female,48,3,122388.38,2,False,False,30020.09,False
15674991,Kao,667,France,Male,42,9,0.0,2,False,True,58137.42,False
15721024,Wickens,642,France,Male,26,0,0.0,1,False,False,47472.68,False
15642394,He,529,Spain,Male,35,5,0.0,2,True,True,187288.5,False
15754605,Jarvis,563,France,Female,39,5,0.0,2,True,True,17603.81,False
15780804,Nucci,482,France,Male,55,5,97318.25,1,False,True,78416.14,False
15613880,Higinbotham,591,Spain,Male,58,5,128468.69,1,False,True,137254.55,False
15775238,Achebe,651,Germany,Female,41,4,133432.59,1,False,True,151303.48,False
15786905,Russo,749,Germany,Female,40,8,141782.57,2,False,False,86333.63,False
15747867,Trevisani,583,France,Male,24,9,135125.28,1,False,False,89801.9,False
15801277,Maccallum,715,France,Female,31,2,112212.14,2,True,True,181600.72,False
15720649,Ferdinand,641,France,Female,36,5,66392.64,1,True,False,31106.67,False
15589493,Otitodilinna,716,Germany,Male,27,1,122552.34,2,True,False,67611.36,False
15688251,Mamelu,767,France,Male,43,1,76408.85,2,True,False,77837.63,False
15665238,Beneventi,745,Germany,Male,36,8,145071.24,1,False,False,6078.46,False
15740900,Perrodin,589,France,Male,34,6,0.0,2,True,True,177896.92,False
15681068,Chinagorom,796,France,Female,45,2,109730.22,1,True,True,123882.73,False
15748625,Napolitano,664,France,Male,57,6,0.0,2,True,True,15304.08,False
15669516,Steele,746,Spain,Male,36,2,0.0,2,True,True,16436.56,False
15736534,Elkins,742,Germany,Male,33,0,181656.51,1,True,True,107667.91,False
15803457,Hao,750,France,Female,32,5,0.0,2,True,False,95611.47,False
15659098,Toscano,669,France,Male,30,7,95128.86,1,False,False,19799.26,False
15566292,Okwuadigbo,574,Spain,Male,36,1,0.0,2,False,True,71709.12,False
15808621,Mordvinova,659,Germany,Male,36,2,76190.48,2,True,True,149066.14,False
15776231,Kent,626,Germany,Male,35,4,88109.81,1,True,True,32825.5,False
15773809,Campbell,620,France,Male,42,4,0.0,2,True,False,6232.31,False
15649423,Cooper,580,France,Female,35,8,0.0,2,False,True,10357.03,False
15734886,Mazzi,686,France,Female,34,3,123971.51,2,True,False,147794.63,False
15722548,Fisher,540,France,Male,48,0,148116.48,1,False,False,116973.48,False
15650288,Summers,634,Germany,Male,35,6,116269.01,1,True,False,129964.94,False
15629448,Brady,632,Spain,Male,38,1,120599.21,1,True,False,92816.86,False
15716164,Nicholls,501,France,Female,41,3,144260.5,1,True,False,172114.67,False
15578977,Robinson,786,France,Male,34,9,0.0,2,True,False,144517.19,False
15677369,Golubov,554,Germany,Female,37,4,58629.97,1,False,False,182038.6,False
15804072,Chen,701,Spain,Female,42,5,0.0,2,False,False,24210.56,False
15696859,Oldham,474,France,Male,45,10,0.0,2,False,False,172175.9,False
15653780,Kambinachi,621,France,Female,43,5,0.0,1,True,True,47578.45,False
15736879,Obinna,669,France,Male,23,1,0.0,2,False,False,66088.83,False
15571973,Chinwemma,776,France,Female,38,2,169824.46,1,True,False,169291.7,False
15626742,Carpenter,694,France,Male,36,3,97530.25,1,True,True,117140.41,False
15672692,Yin,787,France,Female,42,10,145988.65,2,True,True,79510.37,False
15673570,Olsen,580,France,Male,37,9,0.0,2,False,True,77108.66,False
15767432,Ts'ai,711,France,Female,25,7,0.0,3,True,True,9679.28,False
15654238,Jen,673,France,Female,40,5,137494.28,1,True,False,81753.92,False
15812750,Ozioma,591,France,Male,24,6,147360.0,1,True,True,25310.82,False
15790757,Cody,769,France,Female,25,10,0.0,2,False,False,187925.75,False
15723873,Ponomarev,657,Spain,Male,31,3,125167.02,1,False,False,98820.39,False
15784209,Tang,497,France,Male,47,6,0.0,1,True,True,90055.08,False
15794278,Romani,816,Spain,Male,67,6,151858.98,1,True,True,72814.31,False
15766741,McIntyre,525,France,Male,36,2,114628.4,1,False,True,168290.06,False
15661036,Davis,725,France,Male,46,6,0.0,2,True,False,161767.38,False
15705639,Onyemauchechukwu,692,France,Female,28,8,95059.02,2,True,False,44420.18,False
15637414,Gell,618,France,Female,24,7,128736.39,1,False,True,37147.61,False
15716835,Rossi,546,France,Male,24,8,156325.38,1,True,True,125381.02,False
15696231,Chiwetelu,635,France,Male,29,7,105405.97,1,True,True,149853.89,False
15670755,Shaw,650,France,Male,60,8,0.0,2,True,True,102925.76,False
15640059,Smith,606,France,Male,40,5,0.0,2,True,True,70899.27,False
15787619,Hsieh,844,France,Male,18,2,160980.03,1,False,False,145936.28,False
15587535,Onyemauchechukwu,450,Spain,Female,46,5,177619.71,1,True,False,54227.06,False
15813034,Martin,727,Spain,Male,38,2,62276.99,1,True,True,59280.79,False
15698839,Okwudilichukwu,460,Germany,Male,46,4,127559.97,2,True,True,126952.5,False
15790314,Onuoha,649,France,Male,41,0,0.0,2,False,True,130567.02,False
15634245,Muecke,758,Germany,Female,47,9,95523.16,1,True,False,73294.48,False
15677305,Hsieh,490,France,Female,35,7,107749.03,1,True,True,3937.37,False
15661526,Anderson,815,Germany,Male,37,2,110777.26,2,True,False,2383.59,False
15685997,Azubuike,838,Spain,Female,39,5,166733.92,2,True,False,14279.44,False
15660101,Nnonso,803,France,Male,31,9,157120.86,2,True,False,141300.53,False
15637979,Fuller,664,Germany,Female,36,2,127160.78,2,True,False,78140.75,False
15815364,Ashley,736,Spain,Female,28,2,0.0,2,True,True,117431.1,False
15647099,Ts'ui,633,France,Female,37,9,156091.97,1,True,False,72008.61,False
15625944,Buccho,664,France,Male,58,5,98668.18,1,True,True,60887.58,False
15583212,Chidozie,600,France,Female,43,5,134022.06,1,True,False,194764.83,False
15622750,Chu,742,Germany,Female,21,1,114292.48,1,True,False,31520.4,False
15812351,Beluchi,710,Spain,Female,27,2,135277.96,1,True,False,142200.15,False
15810864,Williamson,700,France,Female,82,2,0.0,2,False,True,182055.36,False
15724296,Kerr,684,Spain,Male,41,2,119782.72,2,False,False,120284.67,False
15640442,Standish,717,France,Male,31,4,129722.57,1,False,False,41176.6,False
15639314,Cartwright,589,France,Male,32,2,0.0,2,False,True,9468.64,False
15685320,Johnstone,767,France,Male,36,3,139180.2,1,False,False,123880.19,False
15752137,McElroy,648,France,Male,33,7,134944.0,1,True,True,117036.38,False
15797227,Otutodilinna,754,France,Male,28,8,0.0,2,True,True,52615.62,False
15769974,Shih,679,Spain,Female,35,8,119182.73,1,False,False,121210.09,False
15737051,Denisov,639,France,Male,27,8,0.0,2,True,False,192247.35,False
15585595,Owens,774,France,Female,28,1,71264.02,2,False,True,68759.57,False
15654060,P'eng,517,France,Male,41,2,0.0,2,False,True,75937.47,False
15745196,Verco,571,France,Female,35,8,0.0,2,False,False,84569.13,False
15660155,Lorenzo,792,Spain,Male,36,5,92140.15,1,False,True,67468.67,False
15605284,Outtrim,688,France,Male,26,1,0.0,2,True,True,104435.94,False
15694366,Hou,714,Germany,Male,42,2,177640.09,1,False,True,47166.55,False
15600739,Galkin,562,Spain,Female,35,0,0.0,2,True,False,119899.52,False
15653253,Pagnotto,704,Spain,Male,48,8,167997.6,1,True,True,173498.45,False
15763431,Echezonachukwu,698,France,Male,36,2,82275.35,2,True,True,93249.26,False
15643696,Young,611,France,Male,49,3,0.0,2,True,True,142917.54,False
15707473,Summers,850,Germany,Female,48,6,111962.99,1,True,False,111755.8,False
15769504,Munro,743,Germany,Female,34,1,131736.88,1,True,True,108543.21,False
15776807,Brennan,654,France,Male,29,1,0.0,1,True,False,180345.44,False
15686870,Ball,761,Germany,Male,36,8,108239.11,2,False,False,99444.02,False
15668747,Virgo,702,France,Female,46,9,98444.19,1,False,True,109563.28,False
15766908,Trevisani,488,Germany,Male,32,3,114540.38,1,True,False,92568.07,False
15570134,Padovano,683,France,Female,35,6,187530.66,2,True,True,37976.36,False
15567367,Tao,601,Germany,Female,42,9,133636.16,1,False,True,103315.74,False
15747542,Perez,605,France,Male,52,7,0.0,2,True,True,173952.5,False
15762238,Fraser,671,Germany,Female,44,0,84745.03,2,False,True,34673.98,False
15681554,Alley,614,Germany,Female,31,7,120599.38,2,True,True,46163.44,False
15712825,Howells,511,Spain,Female,29,9,0.0,2,False,True,140676.98,False
15640280,Cameron,850,France,Male,39,4,127771.35,2,False,True,151738.54,False
15613319,Rice,793,France,Female,33,0,0.0,1,False,False,175544.02,False
15798906,Cox,628,France,Male,69,5,0.0,2,True,True,181964.6,False
15708917,Martin,598,Germany,Male,53,10,167772.96,1,True,True,136886.86,False
15778463,Ikenna,657,France,Female,37,6,95845.6,1,True,False,122218.23,False
15699430,Davide,618,France,Female,35,10,0.0,2,True,False,180439.75,False
15649992,Alexander,681,Spain,Male,65,7,134714.7,2,False,True,190419.81,False
15578980,Piazza,516,Spain,Female,33,3,0.0,2,True,True,58685.59,False
15641655,Black,700,France,Female,26,2,0.0,2,False,False,50051.42,False
15619708,Harker,745,France,Male,25,5,157993.15,2,True,False,146041.45,False
15734565,Hughes,696,France,Male,29,8,0.0,2,True,False,191166.09,False
15591969,Kuo,497,Spain,Male,27,9,75263.16,1,True,True,164825.04,False
15747807,Gallagher,720,France,Female,43,6,137824.03,2,True,False,172557.77,False
15596939,Calabresi,659,Germany,Male,36,4,132578.92,2,True,False,84320.94,False
15716155,Shaw,841,France,Female,36,5,156021.31,1,False,False,122662.98,False
15765311,Zhirov,642,Spain,Male,34,8,0.0,1,True,False,72085.1,False
15603830,Palmer,600,Spain,Male,36,4,0.0,2,True,False,143635.36,False
15660602,Ch'eng,464,Germany,Male,33,8,164284.72,2,True,True,3710.34,False
15660535,Avent,680,France,Female,47,5,0.0,2,True,True,179843.33,False
15666633,Huang,758,Spain,Male,56,1,0.0,2,True,True,10643.38,False
15596914,Shaw,630,Germany,Female,31,2,112373.49,2,True,True,131167.98,False
15639788,Yuan,577,France,Female,39,10,0.0,2,True,False,10553.31,False
15695846,Hawkins,684,France,Female,34,6,0.0,2,True,True,130928.22,False
15726234,Trentini,708,Spain,Female,41,5,0.0,1,False,True,157003.99,False
15797964,Cameron,732,Germany,Female,29,1,154333.82,1,True,True,138527.56,False
15625881,Koehler,634,Germany,Male,37,3,111432.77,2,True,True,167032.49,False
15780628,Wu,633,France,Female,30,6,0.0,2,False,False,41642.29,False
15575883,Manna,559,France,Male,34,2,137390.11,2,True,False,9677.0,False
15585036,Okoli,694,Spain,Female,37,3,0.0,2,True,True,147012.22,False
15589488,Ch'eng,686,Germany,Female,56,5,111642.08,1,True,True,80553.87,False
15727915,Artemiev,507,France,Male,36,4,83543.37,1,False,False,140134.43,False
15737792,Abbie,818,France,Female,31,1,186796.37,1,False,False,178252.63,False
15599433,Fanucci,660,Germany,Male,35,8,58641.43,1,False,True,198674.08,False
15806983,Moss,640,France,Male,44,3,137148.68,1,True,False,92381.01,False
15592222,Lo,505,France,Male,49,7,80001.23,1,False,False,135180.11,False
15608968,Averyanov,714,Germany,Male,21,6,86402.52,2,False,False,27330.59,False
15586959,Unaipon,468,France,Female,42,5,0.0,2,True,False,125305.34,False
15646558,Clamp,611,Spain,Male,51,1,122874.74,1,True,True,149648.45,False
15725811,Lim,705,France,Male,25,0,97544.29,1,False,True,59887.15,False
15572265,Wu,646,Germany,Male,46,1,170826.55,2,True,False,45041.32,False
15677610,Chambers,511,Germany,Female,41,8,153895.65,1,True,True,39087.42,False
15745012,Pettit,653,France,Female,43,6,0.0,2,True,True,7330.59,False
15601589,Baresi,675,France,Female,57,8,0.0,2,False,True,95463.29,False
15686436,Newbery,523,Spain,Male,32,4,0.0,2,True,False,167848.02,False
15760550,Duncan,741,Spain,Male,39,7,143637.58,2,False,True,174227.66,False
15686137,Barry,456,Spain,Male,32,9,147506.25,1,True,True,135399.21,False
15794916,Pirogov,725,France,Male,41,7,113980.21,1,True,True,116704.25,False
15614215,Oguejiofor,717,France,Male,53,6,0.0,2,False,True,97614.87,False
15805449,Ugochukwu,594,France,Male,38,4,0.0,2,False,False,186884.04,False
15686983,Rohu,678,Germany,Female,25,10,76968.12,2,False,True,131501.72,False
15808017,Cary,545,France,Male,38,1,88293.13,2,True,True,24302.95,False
15710424,Page,435,France,Male,36,4,0.0,1,True,True,197015.2,False
15799422,Evans,535,France,Female,40,8,0.0,1,True,True,27689.77,False
15794549,Andrews,722,France,Female,35,2,163943.89,2,True,True,15068.18,False
15803764,Stanley,561,France,Male,28,7,0.0,2,True,False,7797.01,False
15674840,Chiazagomekpere,645,France,Female,38,5,101430.3,2,False,True,4400.32,False
15653762,Chidiebele,501,France,Female,39,9,117301.66,1,False,False,182025.95,False
15581229,Gregory,502,Germany,Female,32,1,173340.83,1,False,True,122763.95,False
15800228,Bednall,652,Spain,Female,42,4,0.0,2,True,True,38152.01,False
15656333,Jen,574,France,Female,33,3,134348.57,1,True,False,63163.99,False
15697497,She,518,France,Female,45,9,105525.65,2,True,True,73418.29,False
15785519,May,565,France,Male,36,6,106192.1,1,True,False,149575.59,False
15777211,Herrera,515,France,Male,65,7,92113.61,1,True,True,142548.33,False
15721935,Kincaid,521,France,Male,25,7,0.0,2,True,True,157878.67,False
15591711,Sleeman,739,Spain,Male,38,0,128366.44,1,True,False,12796.43,False
15625021,Hung,585,France,Male,42,2,0.0,2,True,True,18657.77,False
15702968,Artemieva,733,Germany,Male,74,3,106545.53,1,True,True,134589.58,False
15600462,Barwell,542,France,Female,43,8,145618.37,1,False,True,10350.74,False
15768104,Wright,788,Spain,Male,37,8,141541.25,1,False,False,66013.27,False
15780140,Bellucci,435,Germany,Male,32,2,57017.06,2,True,True,5907.11,False
15585255,Moore,577,France,Male,42,9,0.0,1,True,False,74077.91,False
15697000,Mello,728,Germany,Male,32,5,61825.5,1,True,True,156124.93,False
15733119,Mistry,718,France,Male,35,8,0.0,2,True,False,94820.85,False
15782390,T'ien,621,France,Female,40,6,0.0,1,True,False,155155.25,False
15632210,Hill,657,Germany,Male,25,2,171770.55,1,True,False,22745.5,False
15709737,Hunter,643,France,Male,36,7,161064.64,2,False,True,84294.82,False
15792388,Li,645,France,Female,48,7,90612.34,1,True,True,149139.13,False
15786014,Ku,568,France,Male,28,5,145105.64,2,True,False,185489.11,False
15814275,Zikoranachidimma,685,France,Male,33,6,174912.72,1,True,True,43932.54,False
15754713,Rivera,685,Spain,Male,31,10,135213.71,1,True,True,125777.28,False
15693814,Niu,806,Spain,Male,25,7,0.0,2,True,False,18461.9,False
15599660,Bennett,604,France,Male,36,6,116229.85,2,True,True,79633.38,False
15746490,Wollstonecraft,648,Spain,Female,53,6,111201.41,1,True,True,121542.29,False
15566091,Thomsen,545,Spain,Female,32,4,0.0,1,True,False,94739.2,False
15655961,Palermo,756,Germany,Male,27,1,131899.0,1,True,False,93302.29,False
15710404,Chinwendu,569,France,Male,35,10,124525.52,1,True,True,193793.78,False
15775625,McKenzie,596,France,Male,47,6,0.0,1,True,False,74835.65,False
15719856,Lamb,646,France,Female,45,3,47134.75,1,True,True,57236.44,False
15593773,Olejuru,784,Spain,Male,35,3,0.0,2,False,False,81483.64,False
15733114,Hay,552,Spain,Male,45,9,0.0,2,True,False,26752.56,False
15797748,Lu,729,France,Male,44,5,0.0,2,False,True,9200.54,False
15601026,Gallagher,572,Germany,Female,19,1,138657.08,1,True,True,16161.82,False
15658485,Heath,785,France,Female,34,9,70302.48,1,True,True,68600.36,False
15636731,Ts'ai,714,Germany,Female,36,1,101609.01,2,True,True,447.73,False
15628303,Thurgood,738,Spain,Male,35,3,0.0,1,True,True,15650.73,False
15633461,Pai,639,Germany,Male,38,5,130170.82,1,True,True,149599.62,False
15677135,Lorenzo,520,Germany,Male,61,8,133802.29,2,True,True,90304.01,False
15590876,Knupp,764,France,Female,24,7,106234.02,1,False,False,115676.38,False
15790782,Baryshnikov,661,Spain,Male,39,6,132628.98,1,False,False,38812.67,False
15700476,Azubuike,564,Germany,Male,41,9,103522.75,2,True,True,34338.21,False
15634141,Shephard,708,Germany,Female,42,8,192390.52,2,True,False,823.36,False
15790299,Williamson,592,Spain,Male,37,9,0.0,3,True,True,10656.89,False
15675316,Avdeeva,619,France,Female,38,3,0.0,2,False,True,116467.35,False
15662100,Hsu,850,Germany,Female,44,5,128605.32,1,False,True,171096.2,False
15668032,Buchanan,577,France,Female,37,4,0.0,1,True,True,79881.39,False
15599289,Yeh,724,France,Female,37,10,68598.56,1,True,False,157862.82,False
15754084,Palazzi,710,Spain,Male,35,1,106518.52,1,True,True,127951.81,False
15676521,Y?an,696,France,Female,31,8,0.0,2,False,False,191074.11,False
15781465,Schofield,675,Germany,Female,29,8,121326.42,1,True,False,133457.52,False
15729362,Lombardi,745,France,Male,36,8,67226.37,1,True,False,130789.6,False
15709295,Wall,697,Spain,Female,25,5,82931.85,2,True,True,128373.88,False
15783659,Blackburn,659,France,Male,67,4,145981.87,1,True,True,131043.2,False
15630328,Bird,635,France,Female,48,8,130796.33,2,True,True,43250.3,False
15785899,Ch'en,789,Germany,Male,33,8,151607.56,1,True,False,4389.4,False
15606149,Wood,571,Germany,Female,66,9,111577.01,1,False,True,189271.9,False
15671139,Brizendine,694,Spain,Male,39,0,107042.74,1,True,True,102284.2,False
15571002,Yusupov,706,France,Female,44,4,129605.99,1,False,False,69865.49,False
15631681,Jibunoh,807,Spain,Female,43,0,0.0,2,False,True,85523.24,False
15731522,Ts'ui,771,Spain,Female,67,8,0.0,2,True,True,51219.8,False
15619529,Ndukaku,531,Spain,Male,27,8,132576.25,1,False,False,7222.92,False
15628034,Wilder,629,France,Female,37,6,129101.3,1,True,True,23971.33,False
15686164,Maclean,850,Germany,Female,31,1,108822.4,1,True,True,132173.31,False
15582797,Ch'iu,685,Spain,Male,35,4,137948.51,1,True,False,113639.64,False
15753831,Cox,642,Spain,Male,32,7,100433.8,1,True,True,39768.59,False
15602084,Coles,663,France,Female,42,5,124626.07,1,True,True,78004.5,False
15589805,Benson,563,France,Female,34,6,139810.34,1,True,True,152417.79,False
15720893,Gilbert,637,Spain,Female,34,9,0.0,2,False,False,26057.08,False
15641009,Wilhelm,544,France,Male,37,3,84496.71,1,False,False,79972.09,False
15605926,Sinclair,649,Germany,Male,70,9,116854.71,2,False,True,107125.79,False
15805955,L?,638,France,Female,48,10,138333.03,1,True,True,47679.14,False
15801488,Buckner,723,France,Male,25,3,0.0,2,True,True,134509.47,False
15605918,Padovesi,635,Germany,Male,43,5,78992.75,2,False,False,153265.31,False
15779711,Gray,750,Spain,Female,38,7,97257.41,2,False,True,179883.04,False
15705620,Lu,730,France,Male,34,5,122453.37,2,True,False,138882.98,False
15685357,Wright,750,Spain,Female,36,8,112940.07,1,False,True,9855.81,False
15582616,Y?an,520,France,Female,38,4,0.0,2,True,False,56388.63,False
15799515,Wei,652,France,Female,48,8,133297.24,1,True,False,77764.37,False
15642937,Padovesi,550,France,Female,46,7,0.0,2,True,False,130590.35,False
15624729,Tsao,594,France,Male,27,0,197041.8,1,False,False,151912.49,False
15566156,Franklin,749,Germany,Female,44,0,71497.79,2,False,False,151083.8,False
15792360,Clark,668,France,Male,32,7,0.0,2,True,True,777.37,False
15704770,Pan,773,France,Male,25,1,124532.78,2,False,True,11723.57,False
15756475,Kenniff,551,Germany,Male,31,9,82293.82,2,True,True,91565.25,False
15655339,Spencer,566,France,Male,36,1,142120.91,1,True,False,79616.37,False
15664521,David,659,Spain,Male,31,7,149620.88,2,True,True,104533.51,False
15745527,Burke,655,France,Male,37,5,93147.0,2,True,False,66214.13,False
